SUT-anti-ship/ASW torpedo,no_description
Adjutant-minesweeper,no_description
Swingfire-anti-tank missile,no_description
ERJ-transport aircraft,no_description
Mamba-APC/APV,no_description
Neustadt-patrol craft,no_description
RBS-15 Mk-3-anti-ship/land-attack missile,no_description
CF6-turbofan,no_description
Fieldguard-fire control radar,no_description
Harpy-loitering munition,no_description
Sapphire-turbojet,no_description
Boeing-757-200-transport aircraft,no_description
Pandur-2-APC,no_description
Nansen-frigate,no_description
375mm Quad-ASW MRL,no_description
F404-turbofan,no_description
vehicle engine-vehicle engine,no_description
Fi-156 Storch-light aircraft,no_description
Zambia Challenge-transport ship,no_description
Patria 6x6-APC,no_description
Saba Al Bahr-landing craft,no_description
FCS-3307-patrol craft,no_description
Hydra-ASW sonar,no_description
EC130-light helicopter,no_description
Osa-mobile SAM system,no_description
F-86 Sabre-fighter aircraft,no_description
PA-28 Cherokee-light aircraft,no_description
HS-30-IFV,no_description
RG-32 Scout-APV,no_description
LM-2500-gas turbine,no_description
SAK-70 Mk-2 57mm-naval gun,no_description
Al-Wahsh-APC,no_description
Courier-light aircraft,no_description
AS-12-anti-ship missile/ASM,no_description
K-9 Thunder 155mm-self-propelled gun,no_description
Project-414-tug,no_description
L-410 Turbolet-light transport aircraft,no_description
K029E-guided bomb,no_description
FIROS-51-self-propelled MRL,no_description
Do-27-light transport aircraft,no_description
Boxer/Type-22-frigate,no_description
FPB-57-FAC,no_description
Emer-OPV,no_description
M-1985 240mm-self-propelled MRL,no_description
S-125 Pechora-SAM system,no_description
Cessna-172-trainer/light aircraft,no_description
PA-31T MS Cheyenne-maritime patrol aircraft,no_description
BPz-2-ARV,no_description
EL/M-2106NG-air search radar,no_description
MR-123 Vynpel-fire control radar,no_description
FH-88 155mm-towed gun,no_description
Mi-24V/Mi-35-combat helicopter,no_description
Do-228-light transport aircraft,no_description
ALT-anti-tank AV turret,no_description
Anawrahta-corvette,no_description
EL/M-2022-MP aircraft radar,no_description
Piranha-APC,no_description
Jaguar-1-tank destroyer,no_description
PA-12 Super Cruiser-light aircraft,no_description
T-80U-tank,no_description
SF-Mk-2-patrol craft,no_description
LCU-1466-landing craft,no_description
F/A-18C Hornet-FGA aircraft,no_description
Mohafiz-APV,no_description
RSR-210N-air/sea search radar,no_description
MU-2-light transport aircraft,no_description
Redeye-portable SAM,no_description
Palmier-air search radar,no_description
Hughes-500D/MD-light helicopter,no_description
Beech-1900-light transport aircraft,no_description
Hunter TR-12-APC,no_description
BPS-500/Type-1241A-FAC,no_description
T-62-tank,no_description
Grenadier-APC,no_description
APR-40 122mm-self-propelled MRL,no_description
Spica-1-FAC,no_description
Z-226-trainer aircraft,no_description
Do-28D Skyservant-light transport aircraft,no_description
King Air Maritime-maritime patrol aircraft,no_description
P-1022-patrol craft,no_description
KS-19 100mm-AA gun,no_description
PA-18 Super Cup-light aircraft,no_description
DRPT-5 Rasit-ground surv radar,no_description
NASAMS-2-SAM system,no_description
Jinhou-tanker,no_description
M-114 155mm-towed gun,no_description
SA-330 Puma-helicopter,no_description
Boeing-767-transport aircraft,no_description
Su-22-FGA aircraft,no_description
Saladin-armoured car,no_description
S-400 Triumf-SAM system,no_description
Cessna-337/O-2-light aircraft,no_description
Vaslayayev-cargo ship,no_description
Oribe-replenishment tanker,no_description
Perry-frigate,no_description
Hunter-fighter aircraft,no_description
M-32-ARV,no_description
M-42 Duster-self-propelled AA gun,no_description
P-12-air search radar,no_description
9KA400-fire control radar,no_description
DHC-6-maritime patrol aircraft,no_description
M-20-reconnaissance AV,no_description
P-51D Mustang-fighter aircraft,no_description
MMWT-tank,no_description
Rafale-FGA aircraft,no_description
AIM-7M Sparrow-BVRAAM,no_description
Tara Bai-patrol craft,no_description
ship engine-ship engine,no_description
Hermes-900-UAV,no_description
R40S Festival-light aircraft,no_description
BMP-2-IFV,no_description
ATR-42-transport aircraft,no_description
Project-02065-patrol craft,no_description
FPB-38-patrol craft,no_description
Maranon-patrol craft,no_description
L-29 Delfin-trainer aircraft,no_description
Clemente-frigate,no_description
DH-82 Tiger Moth-trainer aircraft,no_description
Mi-4A-helicopter,no_description
Aresa-3200-patrol craft,no_description
EC-120 Colibri-light helicopter,no_description
A-109K-light helicopter,no_description
Osprey Mk-2-patrol craft,no_description
M-45-fire control radar,no_description
Falcon-2-sea search radar,no_description
Gaspe-minesweeper,no_description
PC-6 Porter-light transport aircraft,no_description
Scanter-4100-air/sea search radar,no_description
Delos-tanker,no_description
Zubr-landing craft,no_description
JF-17 Thunder/FC-1-FGA aircraft,no_description
Bu-181 Bestmann-trainer aircraft,no_description
Herjolfur-transport ship,no_description
Qutaish-2-APV,no_description
Oxford-trainer aircraft,no_description
Jet Provost-trainer aircraft,no_description
L-ATV-APV,no_description
SAK-70 Mk-1 57mm-naval gun,no_description
FPB-98-patrol craft,no_description
Type-64 40mm-naval gun,no_description
CV-90 Mk-4-IFV,no_description
SS-11-anti-tank missile,no_description
Imperial Marinheiro-OPV/tug,no_description
M-109/SP-122 122mm-self-propelled gun,no_description
A-4E Skyhawk-FGA aircraft,no_description
VT-72B-ARV,no_description
ATR-72-transport aircraft,no_description
CAPTAS-2-ASW sonar,no_description
Didgori-APV,no_description
C-123K Provider-transport aircraft,no_description
Vard-7-507-landing craft,no_description
HMBV-AEV,no_description
SP30-IFV turret,no_description
Casspir-APC,no_description
Kania-light helicopter,no_description
Sirius-minesweeper,no_description
Al Kaser-APC,no_description
SK-105 Kurassier-light tank,no_description
Leopard-APV,no_description
Chaimite-APC,no_description
MSTAR-ground surv radar,no_description
Samson RCWS-30-IFV turret,no_description
Nomad-light transport aircraft,no_description
Fagot-anti-tank missile,no_description
Type-42m-patrol craft,no_description
Kraljevica/PBR-509-patrol craft,no_description
RAN-7-air/sea search radar,no_description
FN-6-portable SAM,no_description
M-44-fire control radar,no_description
A-4K Skyhawk-2-FGA aircraft,no_description
Birk-tanker,no_description
FH-77 155mm-towed gun,no_description
HSSV-72-transport ship,no_description
Skyvan-light transport aircraft,no_description
Nazeat N-10-SSM launcher,no_description
Lynx-ASW helicopter,no_description
EC725 Super Cougar-transport helicopter,no_description
Type-501B-fire control radar,no_description
AMES Type-13-height-finding radar,no_description
Acre-destroyer,no_description
Akeron-MP-anti-tank missile,no_description
Mi-8MT/Mi-17-transport helicopter,no_description
LCT Mk-6-landing craft,no_description
FN-4RM/62F-armoured car,no_description
MRTP-20-patrol craft,no_description
WZ-551-APC,no_description
Hunt-MCM ship,no_description
Vostok-E-air search radar,no_description
CSK-131-APC/APV,no_description
DA-02-air search radar,no_description
FD-25 Defender-ground attack aircraft,no_description
R-600-IFV turret,no_description
A330-transport aircraft,no_description
Do-28B-light transport aircraft,no_description
Warmate-loitering munition,no_description
9M33-SAM,no_description
Tigr-APV,no_description
L-39C Albatros-trainer aircraft,no_description
9LV-fire control radar,no_description
Z-142/Z-242L-trainer aircraft,no_description
Bell-407-light helicopter,no_description
EDIC-landing craft,no_description
Atlantic-ASW aircraft,no_description
Blowpipe-portable SAM,no_description
Marbore-turbojet,no_description
M-ATV-APV,no_description
20 de Julio-destroyer,no_description
BRDM-1-reconnaissance AV,no_description
G-5 155mm-towed gun,no_description
Cessna-170-light aircraft,no_description
AT-105 Saxon-APC,no_description
PC-6 Turbo Porter-light transport aircraft,no_description
Bell-205/UH-1H-helicopter,no_description
SH-3 122mm-self-propelled gun,no_description
CV-440-transport aircraft,no_description
M-30 107mm-mortar,no_description
BDX-APC,no_description
Sichang-landing ship,no_description
Panthera T6-APC/APV,no_description
Baron-light aircraft,no_description
aircraft engine-aircraft engine,no_description
MRTP-33-patrol craft,no_description
Hugin-FAC,no_description
B-250-trainer/combat aircraft,no_description
BTS-ARV,no_description
Griffin-guided bomb,no_description
Bell-505 Jet Ranger X-light helicopter,no_description
S-200-SAM,no_description
BM-21 Grad 122mm-self-propelled MRL,no_description
YMS-minesweeper,no_description
F-27 Friendship-transport aircraft,no_description
LC-33m-landing craft,no_description
HITFIST-IFV turret,no_description
T-55-tank,no_description
Ham-minesweeper,no_description
SU-100-tank destroyer,no_description
LCU-1610-landing craft,no_description
SS-304-ASW sonar,no_description
DHC-2 Beaver-light transport aircraft,no_description
SandCat-APV,no_description
BAe-146-transport aircraft,no_description
BTR-152-APC,no_description
Type-81 122mm-self-propelled MRL,no_description
Al-Tariq-ASM,no_description
MS-760 Paris-light aircraft,no_description
F-100D Super Sabre-FGA aircraft,no_description
HF SWR-503-sea search radar,no_description
P-750-light transport aircraft,no_description
Puma M-26-APC,no_description
W-86 120mm-mortar,no_description
YW-531/Type-63-APC,no_description
Konkurs-anti-tank missile,no_description
STIR-fire control radar,no_description
UR-416-APC,no_description
Hamilton-OPV,no_description
LW-02-air search radar,no_description
M-113-APC,no_description
Nampo-landing craft,no_description
Lanza-ARSR-air search radar,no_description
Beechjet-400-light transport aircraft,no_description
Lynx-self-propelled MRL,no_description
W-3 Sokol-helicopter,no_description
Castle-corvette,no_description
Donghae-corvette,no_description
Li-2T-transport aircraft,no_description
BL 9.2inch Mk-10-coastal defence gun,no_description
AS-202 Bravo-trainer aircraft,no_description
BMP-1-IFV,no_description
MLS Shield-APC,no_description
AIFV-IFV,no_description
Georgiy Agafonov-cargo ship,no_description
Conejera-patrol craft,no_description
9M119-anti-tank missile,no_description
Okean-SIGINT ship,no_description
2S1 122mm-SPG turret,no_description
M-101A1 105mm-towed gun,no_description
OT-64-APC,no_description
Bangor-minesweeper,no_description
Barroso Pereira-transport ship,no_description
EL/M-2082-air search radar,no_description
E-3A Sentry-AEW&C aircraft,no_description
Po-2-trainer aircraft,no_description
Sea Fury-fighter aircraft,no_description
LPD-122m-AALS,no_description
Storm-APC/APV,no_description
Vertol-107/CH-46-ASW helicopter,no_description
Hwasong-6-SSM,no_description
Al Said-training ship,no_description
GCM-AO3 30mm-naval gun,no_description
SR-5-self-propelled MRL,no_description
Aggressive-minesweeper,no_description
CH-47C Chinook-transport helicopter,no_description
SF-260-trainer aircraft,no_description
Wing Loong-1-armed UAV,no_description
EMB-312 Tucano-trainer aircraft,no_description
VAMTAC BN3-APV,no_description
P-8A Poseidon-ASW aircraft,no_description
PSMM-5-FAC,no_description
AS-350/AS-550 Fennec-light helicopter,no_description
S-401-patrol craft,no_description
Compact 76mm-naval gun,no_description
Project-771-landing ship,no_description
Dvora-FAC,no_description
VBTP Guarani-APC,no_description
Springbuck-SD-APC,no_description
RecceLite-aircraft recce system,no_description
Falcon-2000-transport aircraft,no_description
Cessna-180 Skywagon-light aircraft,no_description
M-46 130mm-towed gun,no_description
Aspide-BVRAAM/SAM,no_description
Fokker-100-transport aircraft,no_description
Piranha-3-IFV,no_description
BATRAM-landing ship,no_description
Terma-9000-MP aircraft radar,no_description
M-4 Sherman-tank,no_description
Project-775-landing ship,no_description
Mirage-5-FGA aircraft,no_description
Standard 120mm-mortar,no_description
PM-43 120mm-mortar,no_description
Casspir-6-APC,no_description
El/M-2130-ground surv radar,no_description
OV-10 Bronco-ground attack aircraft,no_description
9M114-anti-tank missile,no_description
Cheongung-SAM system,no_description
Type-1844-tanker,no_description
Dhruv-helicopter,no_description
F-5A Freedom Fighter-FGA aircraft,no_description
Anson-trainer aircraft,no_description
Project-877E-submarine,no_description
EE-11 Urutu-APC,no_description
Green Ginger-air search radar,no_description
Rapier-1-SAM,no_description
Mk-37-ASW torpedo,no_description
Terrier LT-79-APC,no_description
JSM-ASM,no_description
Cantabria-replenishment ship,no_description
AS-355/AS-555 Fennec-light helicopter,no_description
L-118 105mm-towed gun,no_description
An-124-transport aircraft,no_description
Guardian-OPV,no_description
Colossus-aircraft carrier,no_description
5V55U-SAM,no_description
Rhino-APC,no_description
9M115 Metis-anti-tank missile,no_description
MiG-15bis-fighter aircraft,no_description
9P113-SSM launcher,no_description
Su-24-bomber aircraft,no_description
MiG-15-fighter aircraft,no_description
PCZ-45-ALV,no_description
SF-260TP-trainer aircraft,no_description
Waspada-FAC,no_description
Skeldar-UAV,no_description
Walid-APC,no_description
F-124-turbofan,no_description
Sea Giraffe-150-air search radar,no_description
UT-25/UT-30-IFV turret,no_description
P-47D Thunderbolt-FGA aircraft,no_description
Vigilante-patrol craft,no_description
Pardo-transport ship,no_description
T-28D-trainer/combat aircraft,no_description
PzJ-38t Hetzer-tank destroyer,no_description
OT-64A-APC,no_description
An-74-transport aircraft,no_description
Agosta-90B-submarine,no_description
Project-205-FAC,no_description
Dingo-2-APC,no_description
SAK-60 57mm-naval gun,no_description
MiG-29-fighter aircraft,no_description
VL-MICA-SAM system,no_description
Spike-MR/LR-anti-tank missile,no_description
MU90 IMPACT-ASW torpedo,no_description
MB-326B-trainer/combat aircraft,no_description
QW-1 Vanguard-portable SAM,no_description
SO-1-patrol craft,no_description
AS-Mk-10 Limbo-ASW mortar,no_description
Aosta-cruiser,no_description
Mi-24P/Mi-35P-combat helicopter,no_description
J85-turbojet,no_description
C-122-landing craft,no_description
Jaguar-FAC,no_description
Karayel-armed UAV,no_description
Angeln-cargo ship,no_description
F-104A Starfighter-fighter aircraft,no_description
RATAC-ground surv radar,no_description
KT-1 Woong Bee-trainer aircraft,no_description
ADATS LOS-FH-SAM,no_description
M/42 SKPF-APC,no_description
Nyoka-APC,no_description
AR-1-ASM,no_description
AI-25-turbofan,no_description
APAR-multi-function radar,no_description
BOV M11-APC,no_description
TP400-D6-turboprop,no_description
Osprey-55-OPV,no_description
P-2-APC,no_description
Kfir C-1-FGA aircraft,no_description
Vosper-103-patrol craft,no_description
Type-59-1 130mm-towed gun,no_description
Falcon-20-light transport aircraft,no_description
T-33A T-Bird-trainer aircraft,no_description
LSM-landing ship,no_description
HSI-32-patrol craft,no_description
Saab-35XD Draken-FGA aircraft,no_description
DF-3/CSS-2-SSM,no_description
Bell-206/OH-58-light helicopter,no_description
Ratel-23-IFV,no_description
Wodnik-training ship,no_description
Project-123-FAC,no_description
SMKB-guided bomb,no_description
Model-300-light helicopter,no_description
MiG-23MS-fighter aircraft,no_description
MD-3-160-trainer aircraft,no_description
L-159A ALCA-FGA aircraft,no_description
Bell-206L LongRanger-light helicopter,no_description
AIM-120C AMRAAM-BVRAAM,no_description
Rb-53 BANTAM-anti-tank missile,no_description
NLAW-anti-tank missile,no_description
MiG-21PFM-fighter aircraft,no_description
Wessex-helicopter,no_description
CN-235MP-maritime patrol aircraft,no_description
A-330 MRTT-tanker/transport aircraft,no_description
Condor-APC,no_description
Sattahip-patrol craft,no_description
Pansarbil Unimog-APV,no_description
M-56 105mm-towed gun,no_description
Dozor-B-APC/APV,no_description
Norlindo-cargo ship,no_description
Metro-3MP/C-26-maritime patrol aircraft,no_description
AT-802U-ground attack aircraft,no_description
ST-1802-fire control radar,no_description
Leopard-2A4-tank,no_description
EC145-light helicopter,no_description
Bonanza-light aircraft,no_description
BM-13 132mm-self-propelled MRL,no_description
Stan Patrol-5009-patrol craft,no_description
Lapu-Lapu-OPV,no_description
RDR-1500-MP aircraft radar,no_description
Hvidbjornen-OPV,no_description
BRDM-2-reconnaissance AV,no_description
Goalkeeper-naval gun,no_description
SA-313B Alouette-2-light helicopter,no_description
BS-3 100mm-towed gun,no_description
Maatla-APC,no_description
Do-128-light transport aircraft,no_description
DC-10-40-transport aircraft,no_description
Comet-tank,no_description
Mi-26-transport helicopter,no_description
CN-235-transport aircraft,no_description
Atar-9-turbojet,no_description
Lindau/Type-320-minesweeper,no_description
BTR-40-APC,no_description
An-2-light transport aircraft,no_description
Hawk-100-trainer/combat aircraft,no_description
Yak-18A-trainer aircraft,no_description
R-400S-IFV turret,no_description
Al Shibl-APC/APV,no_description
ASO-90-ASW sonar,no_description
ECIA 120mm-mortar,no_description
Model-50 155mm-towed gun,no_description
OWS-25-IFV turret,no_description
Super-Fledermaus-fire control radar,no_description
Fieldguard-3-fire control radar,no_description
Al Zahraa-landing ship,no_description
S-38/S-Boot-FAC,no_description
Ocean Eagle-43-patrol craft,no_description
GA-8 Airvan-light transport aircraft,no_description
Spartan-APC,no_description
BOV-3-self-propelled AA gun,no_description
DTM-211-landing craft,no_description
Aksungur-armed UAV,no_description
M-60A1 Patton-2-tank,no_description
M-53 100mm-towed gun,no_description
SDB Mk-3-patrol craft,no_description
BL 5.5in Medium Gun-towed gun,no_description
Bell-212/UH-1N-helicopter,no_description
2K11 Krug-SAM system,no_description
Type-90 122mm-self-propelled MRL,no_description
Igla-S-portable SAM,no_description
Shafrir-2-SRAAM,no_description
Spike-ER-anti-tank missile,no_description
PZL-104 Wilga-light aircraft,no_description
Dela-patrol craft,no_description
S-55-helicopter,no_description
OPV-310-patrol craft,no_description
EMB-110 Bandeirante-light transport aircraft,no_description
TAK-152 L/53 Twin-naval gun,no_description
LW-04-air search radar,no_description
FPB-45-patrol craft,no_description
Salamandra --landing ship,no_description
YS-11A-transport aircraft,no_description
F110-turbofan,no_description
SWATH-125t-patrol craft,no_description
PL-1B-trainer aircraft,no_description
MiG-17-fighter aircraft,no_description
Grom-2-portable SAM,no_description
Pioneer-light aircraft,no_description
Compatto 127mm-naval gun,no_description
Ejder-APC,no_description
Po Hang-corvette,no_description
A-200 301mm-towed MRL,no_description
3M9-SAM,no_description
Piorun-portable SAM,no_description
Bloodhound-2-SAM,no_description
Tiger-APV,no_description
HS-748-transport aircraft,no_description
Pars-APC,no_description
Bataan-patrol craft,no_description
BTR-94-IFV,no_description
Haksaeng-patrol craft,no_description
Osprey-50-patrol craft,no_description
LCU Mk-9-landing craft,no_description
RB-69A-reconnaissance aircraft,no_description
T-37B-trainer aircraft,no_description
Super Dvora-patrol craft,no_description
L-59-trainer/combat aircraft,no_description
AMX-13/75-light tank,no_description
F-28-light helicopter,no_description
Almirante Montt-replenishment ship,no_description
Estelle Maersk-cargo ship,no_description
Roland-APC,no_description
Deba-landing craft,no_description
Ibn Khaldoum-frigate,no_description
Aero-45-light aircraft,no_description
Teraban-landing craft,no_description
Thalang-support ship,no_description
Ton-patrol craft,no_description
Annam-tanker,no_description
MFI-17 Supporter-trainer aircraft,no_description
Centurion turret-tank turret,no_description
PAGE-air search radar,no_description
Alican Deval-cargo ship,no_description
Vampire FB-5-fighter aircraft,no_description
Dilos-patrol craft,no_description
Litening-aircraft EO system,no_description
Chula-tanker,no_description
OPV-90-corvette,no_description
Boeing-737 Classic-transport aircraft,no_description
MD-450 Ouragan-FGA aircraft,no_description
MR-8-APV,no_description
M-3/M-5 Half-track-APC,no_description
D-30 122mm-towed gun,no_description
Mistral-portable SAM,no_description
MXT-MV-APV,no_description
Daphn√©-submarine,no_description
LCT-4-landing craft,no_description
Vampire T-55-trainer aircraft,no_description
SIBMAS-APC,no_description
Airtourer-trainer aircraft,no_description
LCTS-90 90mm-tank turret,no_description
120mm Light Mortar-mortar,no_description
Swiftships-120-patrol craft,no_description
Gaeta-MCM ship,no_description
MB-326GB-trainer/combat aircraft,no_description
Etna-replenishment ship,no_description
C-212-transport aircraft,no_description
DA20-light aircraft,no_description
SEADAR-sea search radar,no_description
AV-VBL-APC,no_description
Ghost-turbojet,no_description
BTR-3-IFV,no_description
C-130H Hercules-transport aircraft,no_description
MRV-AALS,no_description
air refuel system-air refuel system,no_description
SOME EN-VEHICLE-VEHICLE ENGINE,no_description
Aerostar-UAV,no_description
I-HAWK-SAM system,no_description
HY1-12 120mm-mortar,no_description
C-119 Packet-transport aircraft,no_description
RBY-1-APV,no_description
Ferret-APV,no_description
SRAMS 120mm-mortar,no_description
M-55S-tank,no_description
GAD-AOA-IFV turret,no_description
SHORAR-2D-air search radar,no_description
Model-56 105mm-towed gun,no_description
WM-80 273mm-self-propelled MRL,no_description
2B11 120mm-mortar,no_description
Blue Arrow-7-anti-tank missile,no_description
Buffel-APC,no_description
S-211-trainer/combat aircraft,no_description
F-27 Maritime-maritime patrol aircraft,no_description
K-13A-SRAAM,no_description
Beaufort-tanker,no_description
BMD-1-IFV,no_description
DA40-light aircraft,no_description
Commando V-100-APC,no_description
Argos-73-air/sea search radar,no_description
MMV-APC,no_description
AS365/AS565 Panther-helicopter,no_description
Helsinki-FAC,no_description
4K-4F-APC,no_description
RGS-9316-support ship,no_description
Thunder-APC,no_description
STING-fire control radar,no_description
Heron-UAV,no_description
GAZ-3937 Vodnik-APC,no_description
BMP-3-IFV,no_description
MILAN-anti-tank missile,no_description
Vulcano-replenishment ship,no_description
BLG-60-armoured bridgelayer,no_description
Chakri Naruebet-aircraft carrier,no_description
DHC-5 Buffalo-transport aircraft,no_description
L-22-landing craft,no_description
Lynx KF41-IFV,no_description
Queen Air-light transport aircraft,no_description
B-29 Superfortress-bomber aircraft,no_description
PC-7 Turbo Trainer-trainer aircraft,no_description
S-76-helicopter,no_description
AML-60/90-armoured car,no_description
EC135-light helicopter,no_description
Sea Hunter-fire control radar,no_description
P-15M-anti-ship missile,no_description
Strela-3-portable SAM,no_description
ARMA-APC,no_description
Cobra 30mm-IFV turret,no_description
T-34 Mentor-trainer aircraft,no_description
Grifo-combat aircraft radar,no_description
M-65 120mm-mortar,no_description
Shorland-APV,no_description
Flex Fighter-patrol craft/transport craft,no_description
C-801-anti-ship missile,no_description
NGMMCB-coastal defence system,no_description
Jagaren-patrol craft,no_description
JYL-1-air search radar,no_description
Balsam-cargo ship,no_description
Stan Lander-5612-landing ship,no_description
EMB-145AEW&C-AEW&C aircraft,no_description
Swathi-arty locating radar,no_description
MAPATS-anti-tank missile,no_description
Guardian-APC turret,no_description
Su-29-trainer aircraft,no_description
Cougar-APC,no_description
BMP-1-APC,no_description
DV-2-turbofan,no_description
BMR-600-APC,no_description
Scanter-6000-air/sea search radar,no_description
Hormuz-24-landing ship,no_description
EL/M-2032-combat aircraft radar,no_description
T-33A Shooting Star-trainer aircraft,no_description
PGM-71-patrol craft,no_description
Caravelle-transport aircraft,no_description
Cessna-310-light transport aircraft,no_description
MiG-21F-13-fighter aircraft,no_description
Orompello-landing craft,no_description
Shorts-330-transport aircraft,no_description
2S1 122mm-self-propelled gun,no_description
Ford-patrol craft,no_description
AH-IV-Hb-light tank,no_description
EL/M-2084-air search radar,no_description
BN-2 Islander-light transport aircraft,no_description
Yak-18-trainer aircraft,no_description
SIGMA-105-frigate,no_description
Kagitingan-patrol craft,no_description
Falco-UAV,no_description
Javelin-portable SAM,no_description
M-110A2 203mm-self-propelled gun,no_description
ASTROS-2-self-propelled MRL,no_description
Jaws-APC,no_description
Viper-turbojet,no_description
Sea King/Commando-transport helicopter,no_description
Hizir-APC,no_description
BMP-2 turret-IFV turret,no_description
BTR-80A-IFV,no_description
Gowind-2500-frigate,no_description
OT-90-APC,no_description
BTR-70-APC,no_description
Centurion-9-tank,no_description
Predator-patrol craft,no_description
MiG-25RB-reconnaissance aircraft,no_description
Bayraktar TB-2-armed UAV,no_description
Hagglunds 20mm-IFV turret,no_description
Provost-trainer aircraft,no_description
Cromwell-tank,no_description
ARTHUR-arty locating radar,no_description
FGM-148 Javelin-anti-tank missile,no_description
C-46 Commando-transport aircraft,no_description
L&T Fast Interceptor-patrol craft,no_description
F-6-fighter aircraft,no_description
Tenix-1600-OPV,no_description
Aquiles-transport ship,no_description
Bora-SSM,no_description
AB-25-patrol craft,no_description
375mm Twin-ASW MRL,no_description
MO-120-RT 120mm-mortar,no_description
Ranger-UAV,no_description
Xenon-light aircraft,no_description
Camcopter S-100-UAV,no_description
Cohoes-support ship,no_description
Humber Mk-4-armoured car,no_description
Jetstream-light transport aircraft,no_description
Warrior-APC,no_description
PA-34 Seneca-light transport aircraft,no_description
RG-31 Nyala-APC,no_description
A-37B Dragonfly-ground attack aircraft,no_description
B-25 Mitchell-bomber aircraft,no_description
NEMO 120mm-mortar turret,no_description
Il-76M-transport aircraft,no_description
Harpoon Block-2-anti-ship missile/SSM,no_description
155-GH-52 155mm-towed gun,no_description
P-15U-anti-ship missile,no_description
K-10-ALV,no_description
P-68-light transport aircraft,no_description
ZPT-APV,no_description
Skyguard-AA gun/SAM system,no_description
An-32-transport aircraft,no_description
Bristol-170 Freighter-transport aircraft,no_description
Kornet-anti-tank missile,no_description
ORCWS-APC turret,no_description
Fedko-tanker,no_description
Pinzgauer 6x6-APC,no_description
MFI-9 Junior-trainer aircraft,no_description
Barracuda-patrol craft,no_description
M-109A1 155mm-self-propelled gun,no_description
Ababil-2-UAV,no_description
Guacolda-patrol craft,no_description
Falster-minelayer,no_description
HMMWV-UA-APV,no_description
Eagle-5 6x6-APC,no_description
Hussar-APC,no_description
Leopard-2-tank,no_description
Commandant Riviere-frigate,no_description
DHC-1 Chipmunk-trainer aircraft,no_description
Smit Manila-cargo ship,no_description
Misagh-2-portable SAM,no_description
Il-28-bomber aircraft,no_description
Qiam-1-SSM,no_description
FA-50-FGA aircraft,no_description
Kimbla-landing craft,no_description
Khamronsin-corvette,no_description
RBS-70-portable SAM,no_description
PA-23 Aztec-light aircraft,no_description
Mirage-50-FGA aircraft,no_description
Holland-OPV,no_description
SON-9-fire control radar,no_description
Pompoli-landing ship,no_description
Type-83 122mm-self-propelled MRL,no_description
FCS-4008-patrol craft,no_description
Edenton-support ship,no_description
Survivor-2-APC,no_description
ATAGS 155mm-towed gun,no_description
DC-4/C-54-transport aircraft,no_description
MT-LB-APC,no_description
Shaldag-FAC,no_description
Maagen-patrol craft,no_description
Ikara-ASW missile,no_description
CEROS-200-fire control radar,no_description
M-3 VTT-APC,no_description
GDF 35mm-AA gun,no_description
Flower-corvette,no_description
Shaldag-patrol craft,no_description
Roland-SAM,no_description
M-30 122mm-towed gun,no_description
De Ruyter-cruiser,no_description
A-340-transport aircraft,no_description
BGM-71 TOW-anti-tank missile,no_description
Variant-air/sea search radar,no_description
Caracal-tank destroyer,no_description
Super Rapid 76mm-naval gun,no_description
L-39Z Albatros-trainer/combat aircraft,no_description
An-26-transport aircraft,no_description
Rodman-101-patrol craft,no_description
AGM-12B Bullpup-ASM,no_description
AH-1F Cobra-combat helicopter,no_description
MR-104 Rys-fire control radar,no_description
TSM-2633 Spherion-ASW sonar,no_description
Type-85-IIM-tank,no_description
A244-ASW torpedo,no_description
M-73 120mm-mortar,no_description
ENTAC-anti-tank missile,no_description
M/40 105mm-towed gun,no_description
YTBK-patrol craft,no_description
M-101/30-towed gun,no_description
MFSR-2100/33-air search radar,no_description
Ground Master-400-air search radar,no_description
TNC-36-patrol craft,no_description
Mohajer-UAV,no_description
Albatros-corvette,no_description
T-55AM-2-tank,no_description
NH-90 TTH-transport helicopter,no_description
SDB Mk-5-patrol craft,no_description
G-6 Rhino 155mm-self-propelled gun,no_description
Crotale-NG-naval SAM system,no_description
MiG-21MF-fighter aircraft,no_description
OPV-1400-OPV,no_description
Halcon-OPV,no_description
Hendijan-transport craft,no_description
Amalienborg-tanker,no_description
Arava-transport aircraft,no_description
Coutinho-corvette,no_description
Al-Jawad-APC,no_description
LCT-80m-landing ship,no_description
PC-461-patrol craft,no_description
PSZH-D-944-APC,no_description
B-17G Fortress-bomber aircraft,no_description
Stan Patrol-4207-patrol craft,no_description
T-6 Texan-trainer aircraft,no_description
L-90TP Redigo-trainer aircraft,no_description
Charioteer-tank destroyer,no_description
G-2A Galeb-trainer aircraft,no_description
A-109-light helicopter,no_description
air-independent ship engine-AIP engine,no_description
AM-3C-light aircraft,no_description
F8F Bearcat-fighter aircraft,no_description
FLASH-ASW sonar,no_description
Mi-14PS-transport helicopter,no_description
BT-67-transport aircraft,no_description
Shrek-APC,no_description
K-9-self-propelled gun chassis,no_description
TS-8 Bies-trainer aircraft,no_description
SST Seal-anti-ship torpedo,no_description
Gabriel-1-anti-ship missile,no_description
Commando V-150-APC,no_description
Umkhonto VLS-naval SAM system,no_description
Ejder Yalcin-APC,no_description
Il-78M-tanker/transport aircraft,no_description
OPV-1900-OPV,no_description
IS-2-tank,no_description
Cinq Juin-landing ship,no_description
B-26 Invader-bomber aircraft,no_description
RAC-3D-air search radar,no_description
S-244-height-finding radar,no_description
Nene-turbojet,no_description
RN-94-APC,no_description
JAS-39C Gripen-FGA aircraft,no_description
B-17A-bomber aircraft,no_description
TPS-77-air search radar,no_description
MiG-21bis-fighter aircraft,no_description
DHC-3 Otter-light transport aircraft,no_description
Type-363-air search radar,no_description
Daphne-patrol craft,no_description
4K-7FA-APC,no_description
DW-3000-frigate,no_description
PB-46-patrol craft,no_description
AK-230 30mm-naval gun,no_description
Bastion-APC/APV,no_description
Merlin-3-light transport aircraft,no_description
Titan-APC,no_description
M-109A5 155mm-self-propelled gun,no_description
Bushmaster-APC,no_description
Type-207-submarine,no_description
Mohajer-6-armed UAV,no_description
C-390-transport aircraft,no_description
Baracuda-support ship,no_description
Do-228MP-maritime patrol aircraft,no_description
AMX-VCI-APC,no_description
R-Boot-minesweeper,no_description
F-86D Sabre-fighter aircraft,no_description
MiG-29S-FGA aircraft,no_description
StuG-IIIG-tank destroyer,no_description
Scorpion-light tank,no_description
EL/M-2140-ground surv radar,no_description
Ning Hai-patrol craft,no_description
Leopard-1A1-tank,no_description
Roland-mobile SAM system,no_description
Kemio-cargo ship,no_description
Ufa-tanker,no_description
RSC-SAM,no_description
Tjeld-FAC,no_description
ZFB-05-APC/APV,no_description
OT-62A TOPAS-APC,no_description
BvS-10-APC,no_description
Firefly-FGA aircraft,no_description
Orion RTN-10X-fire control radar,no_description
TPS-1-air search radar,no_description
Type-86-IFV,no_description
Dove-light transport aircraft,no_description
Ocean Master-MP aircraft radar,no_description
Mi-35M-combat helicopter,no_description
DRBV-51C-fire control radar,no_description
LST-1-landing ship,no_description
Su-27S-FGA aircraft,no_description
Twin Bonanza-light aircraft,no_description
TRS-2215/2230-air search radar,no_description
M-53/59 Praga 30mm-self-propelled AA gun,no_description
S-62-helicopter,no_description
Azteca-patrol craft,no_description
DA-08-air search radar,no_description
Osprey-minehunter,no_description
Comet-1A-transport aircraft,no_description
S-55 Whirlwind-10-helicopter,no_description
Duyong-support ship,no_description
Lupo-frigate,no_description
Cub/L-4 Grasshopper-light aircraft,no_description
LC-32m-landing craft,no_description
HN-5A-portable SAM,no_description
MID-M-AEV,no_description
KBV-171-patrol craft,no_description
SA-342 Gazelle-light helicopter,no_description
CG-45 155mm-towed gun,no_description
KH-4-light helicopter,no_description
Hanwha-70 70mm-self-propelled MRL,no_description
Mk-30 127mm-naval gun,no_description
AW119 Koala-light helicopter,no_description
S-58/H-34-helicopter,no_description
HU-16B Albatross-maritime patrol aircraft,no_description
Norseman-light transport aircraft,no_description
LW-08-air search radar,no_description
Tre Kronor-cruiser,no_description
UH-1H Huey-2-helicopter,no_description
Hunter-FGA aircraft,no_description
FOPV-850-corvette,no_description
TSM-2633 Spherion-B-ASW sonar,no_description
T-72M1-tank,no_description
ATAS-ASW sonar,no_description
Mirage-light aircraft,no_description
Hawk-50-trainer/combat aircraft,no_description
T-72-tank,no_description
M-84-tank,no_description
Boeing-707-transport aircraft,no_description
Giraffe-40-air search radar,no_description
Bathurst-corvette/minesweeper,no_description
M-1A2 Abrams-tank,no_description
Thornycroft 26m-patrol craft,no_description
SQUIRE-ground surv radar,no_description
Descubierta-frigate,no_description
Soloven-FAC,no_description
Endeavour-replenishment ship,no_description
2S4 240mm-self-propelled mortar,no_description
Ha-200 Saeta-trainer aircraft,no_description
Pandur-2-IFV,no_description
JT15D-turbofan,no_description
CM-170 Magister-trainer aircraft,no_description
S-70 Black Hawk-transport helicopter,no_description
CT-4 Airtrainer-trainer aircraft,no_description
MCMV-50m-MCM ship,no_description
NSM CDS-coastal defence system,no_description
C-212MP-maritime patrol aircraft,no_description
Crotale-mobile SAM system,no_description
BTR-82A-IFV,no_description
R-2-anti-tank missile,no_description
BearCat-APV,no_description
DC-3/C-47 Skytrain-transport aircraft,no_description
EE-9 Cascavel-armoured car,no_description
HT-2-trainer aircraft,no_description
APS-128-MP aircraft radar,no_description
Marmon-Herrington-armoured car,no_description
SS-12M-anti-ship missile,no_description
UBM-52 120mm-mortar,no_description
AEGIR-18R-replenishment ship,no_description
C-295-transport aircraft,no_description
CL-89-UAV,no_description
Cessna-411-light transport aircraft,no_description
Autocrat-light aircraft,no_description
AGM-65 Maverick-ASM,no_description
PC-21-trainer aircraft,no_description
Iran Ajr-landing ship,no_description
KFK-patrol craft,no_description
MIM-14 Nike Hercules-SAM,no_description
Wisent-2-AEV/ARV,no_description
Project-183-FAC,no_description
Bell-47/OH-13-light helicopter,no_description
Scorpene-submarine,no_description
CM-90 90mm-tank turret,no_description
BP-12A-SSM,no_description
Teluk Wadjo-landing craft,no_description
S-2A Tracker-ASW aircraft,no_description
TAM-tank,no_description
MEKO-200ANZ-frigate,no_description
Combattante-3-FAC,no_description
AMV-IFV-IFV,no_description
Padma-patrol craft,no_description
Sea Crusader-cargo ship,no_description
BVL-OPV,no_description
C-802-anti-ship missile,no_description
L-42-landing craft,no_description
M-3 Stuart-light tank,no_description
SS-10-anti-tank missile,no_description
Searcher-UAV,no_description
MIM-104 PAC-2-SAM,no_description
DC-6/C-118-transport aircraft,no_description
ASV-150/M-1117-APC/APV,no_description
Ti-67S-tank,no_description
A-19 122mm-towed gun,no_description
EPF-transport ship,no_description
Canberra B-2-bomber aircraft,no_description
MBB-223 Flamingo-trainer aircraft,no_description
PC-1638-patrol craft,no_description
120-MX2-SM 120mm-mortar,no_description
Protector-APC turret,no_description
Ka-32-transport helicopter,no_description
La-11-fighter aircraft,no_description
Phenom-100-light transport aircraft,no_description
EBR-75-armoured car,no_description
ADSB 64m-landing ship,no_description
PC-9-trainer aircraft,no_description
Strikemaster-trainer/combat aircraft,no_description
Type-700-tug,no_description
Commander-light transport aircraft,no_description
Shujaa-patrol craft,no_description
AMV-APC,no_description
S-65A/CH-53 Stallion-transport helicopter,no_description
M-36 Jackson-tank destroyer,no_description
AMX-10P-IFV,no_description
Meteor-fighter aircraft,no_description
E-190-transport aircraft,no_description
Super Vita-FAC,no_description
An-24-transport aircraft,no_description
BTR-80-APC,no_description
Cessna-150/Cessna-152-trainer/light aircraft,no_description
Igla-1-portable SAM,no_description
Al Sultana-cargo ship,no_description
Deirdre-OPV,no_description
M-41 Walker Bulldog-light tank,no_description
Sheffield-destroyer,no_description
Kirpi-APC,no_description
Ju-52/3m-transport aircraft,no_description
One 150-UAV,no_description
PHL-03 300mm-self-propelled MRL,no_description
Varsity-transport/trainer aircraft,no_description
Naresuan-frigate,no_description
K-6 120mm-mortar,no_description
ASTER-30-SAM,no_description
M-48A5 Patton-tank,no_description
Boeing-737NG-transport aircraft,no_description
Scimitar-light tank,no_description
AS-90M turret-SPG turret,no_description
Alpha-900-UAV,no_description
RV-6-trainer aircraft,no_description
MEKO-200-frigate,no_description
DH-114 Heron-light transport aircraft,no_description
A-310-transport aircraft,no_description
EWP-destroyer,no_description
Stan Patrol-2606-patrol craft,no_description
Panthera T4-APV,no_description
BK-117-light helicopter,no_description
Blindfire-fire control radar,no_description
Type-59-tank,no_description
RM-70 122mm-self-propelled MRL,no_description
Type-062-patrol craft,no_description
L-5/U-19-light aircraft,no_description
Mirage-3E-FGA aircraft,no_description
Tripartite-MCM ship,no_description
MB-339C-trainer/combat aircraft,no_description
Seeker-UAV,no_description
Haeuri-patrol craft,no_description
KH-178 105mm-towed gun,no_description
Z-26 Trener-trainer aircraft,no_description
Compact 40L70-naval gun,no_description
M-8 Greyhound-armoured car,no_description
SB7L-360 Seeker-light aircraft,no_description
Piranha-3-APC,no_description
MM-38 Exocet-anti-ship missile,no_description
Tpz-1 Fuchs-APC,no_description
An-28TD Bryza-1TD-light transport aircraft,no_description
Raven ES-05-combat aircraft radar,no_description
M-63 Plamen 128mm-towed MRL,no_description
Sandown-minehunter,no_description
Type-63 37mm-self-propelled AA gun,no_description
BREM-2-ARV,no_description
AMX-Mk-F3 155mm-self-propelled gun,no_description
Wielingen-frigate,no_description
Malyutka-anti-tank missile,no_description
Vampire F-3-fighter aircraft,no_description
BPPU 30mm-IFV turret,no_description
VAB-VTT-APC,no_description
Cannon-frigate,no_description
F-7M Airguard-fighter aircraft,no_description
AT-17 Bobcat-trainer aircraft,no_description
Musytari-OPV,no_description
HN-5-portable SAM,no_description
P-149D-light aircraft,no_description
Ruissalo-patrol craft,no_description
Storm-patrol craft,no_description
MAR-1-anti-radar missile,no_description
S-51/H-5F-light helicopter,no_description
Polar Circle-icebreaker/OPV,no_description
Alpha Jet-trainer/combat aircraft,no_description
An-12-transport aircraft,no_description
CF-100 Canuck-fighter aircraft,no_description
DA-05-air search radar,no_description
PC-12-light transport aircraft,no_description
Austal-30m-patrol craft,no_description
I-View-150-UAV,no_description
CH-1-UAV,no_description
M-346 Master-trainer/combat aircraft,no_description
Ugur-trainer aircraft,no_description
DA62-light aircraft,no_description
RD-33-turbofan,no_description
NH-90 NFH-ASW helicopter,no_description
MH-1521 Broussard-light aircraft,no_description
First Win-APC,no_description
M-3A1 Scout Car-APC/APV,no_description
Caiman-APC,no_description
Al Fao 210mm-self-propelled gun,no_description
GDM 35mm-naval gun,no_description
Star-NG-air search radar,no_description
Swiftships-105-patrol craft,no_description
Pembroke-light transport aircraft,no_description
Stinger-portable SAM,no_description
RAM-APV,no_description
Esmeraldas-corvette,no_description
Centurion-3-tank,no_description
F-104G Starfighter-FGA aircraft,no_description
Round Table-landing ship,no_description
Mirage F-1A-FGA aircraft,no_description
Auster AOP-light aircraft,no_description
AS565M Panther-helicopter,no_description
G-46-trainer aircraft,no_description
Il-14-transport aircraft,no_description
G-222-transport aircraft,no_description
Type-63 107mm-towed MRL,no_description
Delvar-cargo ship,no_description
Typhoon-APC,no_description
Igla-portable SAM,no_description
Raybolt-anti-tank missile,no_description
T-35 Pillan-trainer aircraft,no_description
Sukhanya-OPV,no_description
Burun-fire control radar,no_description
NSM-anti-ship missile,no_description
Piranha-5-APC,no_description
Sea Dolphin-patrol craft,no_description
Hwasong-7-SSM,no_description
Mi-8T-transport helicopter,no_description
Saab-91 Safir-trainer aircraft,no_description
MaxxPro-APC,no_description
Bv-206S-APC,no_description
Tenix-340-patrol craft,no_description
M-24 Chaffee-light tank,no_description
PT-19 Cornell-trainer aircraft,no_description
Gepard-self-propelled AA gun,no_description
Type-31-frigate,no_description
JLG-43-height-finding radar,no_description
Hermes-450-UAV,no_description
Ratel-20-IFV,no_description
WM-20-fire control radar,no_description
S-125T Pechora-2T-SAM system,no_description
Juvent-support ship,no_description
HWK-11-APC,no_description
Tide-replenishment tanker,no_description
SIGMA 155mm-self-propelled gun,no_description
Hunter-UAV,no_description
BAU-23x2-IFV turret,no_description
MPV70 Mk-2-OPV/transport ship,no_description
Battle-destroyer,no_description
Mirny-OPV,no_description
PzKpfw-IVF2-tank,no_description
A319-transport aircraft,no_description
Alfange-landing craft,no_description
RBS-56B Bill-2-anti-tank missile,no_description
Project-122-patrol craft,no_description
Rallye-235-light aircraft,no_description
Alligator-landing ship,no_description
Soldati-destroyer,no_description
TASS-SLAR-MP aircraft radar,no_description
Djinn-light helicopter,no_description
EMB-314 Super Tucano-trainer/combat aircraft,no_description
BATRAL-landing ship,no_description
Penguin-2-anti-ship missile,no_description
Marauder-APC,no_description
IAI-1124N Seascan-maritime patrol aircraft,no_description
EXTRA-guided rocket/SSM,no_description
Guardian-APC,no_description
Kondor-minesweeper,no_description
C-130J Hercules-transport aircraft,no_description
CombatGuard-APV,no_description
F-84F Thunderstreak-FGA aircraft,no_description
Gabriel-2-anti-ship missile,no_description
Project-106K-landing craft,no_description
MW-50 120mm-mortar,no_description
S-11 Instructor-trainer aircraft,no_description
TMX-fire control radar,no_description
F-16C-FGA aircraft,no_description
Saab-340-transport aircraft,no_description
Wele Nzas-frigate,no_description
OPV-80-OPV,no_description
EMB-111-maritime patrol aircraft,no_description
Il-12-transport aircraft,no_description
Red Arrow-8-anti-tank missile,no_description
Shuleykin-survey ship,no_description
Sea Dragon-OPV,no_description
ScanEagle-UAV,no_description
Orenda-turbojet,no_description
Scout-SV-reconnaissance AV,no_description
DT-59-gas turbine,no_description
Spike-LR-2-anti-tank missile,no_description
DHC-6 Twin Otter-transport aircraft,no_description
TITUS-APC,no_description
R-73-SRAAM,no_description
Bell-412-helicopter,no_description
T-54-tank,no_description
FJ44-4-turbofan,no_description
Willemoes-FAC,no_description
DHC-4 Caribou-transport aircraft,no_description
BN-2 Maritime-maritime patrol aircraft,no_description
L-1049 Constellation-transport aircraft,no_description
Kolchuga-air search system,no_description
AL-60-light transport aircraft,no_description
Mi-2-light helicopter,no_description
Spitfire-fighter aircraft,no_description
SP-2600-patrol craft,no_description
Sperwer-UAV,no_description
M-75 120mm-mortar,no_description
Strela-2-portable SAM,no_description
XA-180-APC,no_description
TNC-36-FAC,no_description
Cougar-APV,no_description
Type-62-light tank,no_description
Panter 155mm-towed gun,no_description
C-295MPA-maritime patrol aircraft,no_description
TPS-70-air search radar,no_description
ML-20 152mm-towed gun,no_description
FCS-5009-transport ship,no_description
T-17E1 Staghound-armoured car,no_description
CARDOM 120mm-mortar,no_description
APS-504V-MP aircraft radar,no_description
Mod. Majestic-aircraft carrier,no_description
Python-3-SRAAM,no_description
Su-25-ground attack aircraft,no_description
MiG-23M-fighter aircraft,no_description
AW101-111-ASW helicopter,no_description
Giraffe AMB-air search radar,no_description
Project-22180-patrol craft,no_description
Type-6614-APC,no_description
Skyward-aircraft EO system,no_description
Beech-18/C-45-light transport aircraft,no_description
M-38 120mm-mortar,no_description
M-18 Hellcat-tank destroyer,no_description
MO-120-M65 120mm-mortar,no_description
NASAMS-SAM system,no_description
K-200 KIFV-APC,no_description
UTVA-75-light/trainer aircraft,no_description
Cobra-2-APC,no_description
KC-135 Stratotanker-tanker/transport aircraft,no_description
Watchman-air search radar,no_description
Bronco-APC,no_description
Baynunah-corvette,no_description
M28 Skytruck-light transport aircraft,no_description
BLR-APC,no_description
Nigeria-frigate,no_description
Casspir-NG-2000-APC,no_description
AIM-9L Sidewinder-SRAAM,no_description
AGM-114A HELLFIRE-anti-tank missile,no_description
PA-20 Pacer-light aircraft,no_description
Shakti-tanker,no_description
MiG-15UTI-trainer aircraft,no_description
M-56/33 105mm-towed gun,no_description
P-14-air search radar,no_description
Bay-patrol craft,no_description
Type-025/Huchuan-FAC,no_description
M-68/M-71 155mm-towed gun,no_description
DA42MPP-reconnaissance aircraft,no_description
Interceptor-APV,no_description
Cessna-208 Caravan-light transport aircraft,no_description
Flycatcher-fire control radar,no_description
R-550 Magic-1-SRAAM,no_description
M-58 160mm-mortar,no_description
AW139-helicopter,no_description
River-frigate,no_description
Project-300-support ship,no_description
Trent-700-turbofan,no_description
Type-718/Haijing-OPV,no_description
Turbo Commander-light transport aircraft,no_description
WS-1B 302mm-self-propelled MRL,no_description
Zwaardvis-submarine,no_description
F-84 Thunderjet-FGA aircraft,no_description
Hiller-12/OH-23 Raven-light helicopter,no_description
DA42-light aircraft,no_description
Yabhon Flash-20-UAV,no_description
Piranha-patrol craft,no_description
C-92-frigate,no_description
CH-92-armed UAV,no_description
Lanza-LTR-air search radar,no_description
Lasta-95-trainer aircraft,no_description
IA-58A Pucara-ground attack aircraft,no_description
Adour-turbofan,no_description
Baleares-frigate,no_description
Ground Master-200-air search radar,no_description
Learjet-35/36-light transport aircraft,no_description
Nueva Esparta-destroyer,no_description
MiG-23BN-FGA aircraft,no_description
M-51 Sherman-tank,no_description
Kaydet-trainer aircraft,no_description
Bremen-2-patrol craft,no_description
Greif-ARV,no_description
TNC-45-FAC,no_description
Enstrom-480-light helicopter,no_description
Consul-light transport aircraft,no_description
Giraffe-75-air search radar,no_description
R-27R/T-BVRAAM,no_description
Sealand-light transport aircraft,no_description
Kh-29-ASM,no_description
Odinn-OPV,no_description
BM-9A52 Smerch-self-propelled MRL,no_description
Mbombe-6-APC,no_description
Assaulter-AFSV,no_description
Kebir-patrol craft,no_description
O-1/L-19 Bird Dog-light aircraft,no_description
D-20 152mm-towed gun,no_description
BlueMaster-ASW sonar,no_description
La Fayette-frigate,no_description
BM-22/9P140 Uragan-self-propelled MRL,no_description
T-72B-tank,no_description
Cobra-APV,no_description
Bastion-anti-tank missile,no_description
C-27J Spartan-transport aircraft,no_description
Pandur-APC,no_description
Falaj-3-corvette,no_description
Y-301-patrol craft,no_description
Bo-105-light helicopter,no_description
Firefly TT-1-target tow aircraft,no_description
Bell-204B/UH-1B-helicopter,no_description
Kh-25M-anti-radar missile/ASM,no_description
SA-316B Alouette-3-light helicopter,no_description
T-34-85-tank,no_description
C-130E Hercules-transport aircraft,no_description
Rabdan-IFV,no_description
Y-12-light transport aircraft,no_description
Deepak-replenishment ship,no_description
KRL-122 122mm-self-propelled MRL,no_description
Collins-submarine,no_description
C-130B Hercules-transport aircraft,no_description
Bandar Abbas-support ship,no_description
CJ-6-trainer aircraft,no_description
Buyskes-survey ship,no_description
BPE-AALS,no_description
Mangusta-patrol craft,no_description
SA-341 Gazelle-light helicopter,no_description
Twin Pioneer-light transport aircraft,no_description
C-205V Veltro-fighter aircraft,no_description
AI-222-turbofan,no_description
Skyguard-fire control radar,no_description
BAL-C-landing craft,no_description
Araucano-replenishment ship,no_description
Fahd-APC,no_description
Mi-34S-light helicopter,no_description
Noratlas-transport aircraft,no_description
C-101 Aviojet-trainer/combat aircraft,no_description
PC-1604-patrol craft,no_description
ASI-315-patrol craft,no_description
SU-85-self-propelled gun,no_description
Osa-patrol craft,no_description
P-3-trainer aircraft,no_description
SPK-5-ARV,no_description
OPHER-guided bomb,no_description
A400M Atlas-transport aircraft,no_description
Tatrapan-APC,no_description
Teruel 140mm-self-propelled MRL,no_description
King Air-light transport aircraft,no_description
Eagle-ARV-light aircraft/UAV,no_description
Abheetha-cargo ship,no_description
F-5E Tiger-2-FGA aircraft,no_description
Interceptor-patrol craft,no_description
Nimr Armored-APV,no_description
Yak-52-trainer aircraft,no_description
Spey-turbofan,no_description
P-40-air search radar,no_description
MEKO PC-IN-frigate,no_description
Mi-24D/Mi-25-combat helicopter,no_description
B-6/H-6-bomber aircraft,no_description
VERA-E-air search system,no_description
SH-2G Super Seasprite-ASW helicopter,no_description
Type-210-submarine,no_description
AM-50 120mm-mortar,no_description
Cheetah-C-FGA aircraft,no_description
M-5 Stuart-light tank,no_description
Barracuda-APC,no_description
Tide-replenishment ship,no_description
KLTV-181-APC/APV,no_description
SA-315B Lama-light helicopter,no_description
ATMOS-2000 155mm-self-propelled gun,no_description
AK-630 30mm-naval gun,no_description
Guardian-patrol craft,no_description
Kondor-E-recce satellite,no_description
Red Arrow-73-anti-tank missile,no_description
SP-6211-OPV,no_description
Lazar-3-IFV,no_description
Spartan-APC/APV,no_description
Vector-helicopter turret,no_description
375mm Sextuble-ASW MRL,no_description
53-65-anti-ship torpedo,no_description
MA60-transport aircraft,no_description
Higgins 78ft-FAC,no_description
Fokker-70-transport aircraft,no_description
BTR-60PB-APC,no_description
Il-76MF-transport aircraft,no_description
AIFV-APC-APC,no_description
AIM-9B Sidewinder-SRAAM,no_description
Bell-205/UH-1D-helicopter,no_description
COBRA-anti-tank missile,no_description
RM-70 Vampire 122mm-self-propelled MRL,no_description
Yak-11-trainer aircraft,no_description
Y-8-transport aircraft,no_description
Dos De-OPV,no_description
LMV-APV,no_description
TOS-1-self-propelled MRL,no_description
Yak-23-fighter aircraft,no_description
UT-512-OPV,no_description
Alkai-patrol craft,no_description
Cape-patrol craft,no_description
PT-76-light tank,no_description
Il-10 Sturmovik-ground attack aircraft,no_description
Rodong-SSM,no_description
AS-532 Cougar/AS-332-transport helicopter,no_description
